Taxon,migration_m,migr_sterr_m,shift + 2SE,signif_shift,signif_shift2,StorageOrgan,ReprModeCode,flwr_mo_start,flwr_mo_end,flwr_dur_mos,earliest_seed_shed_mo,latest_seed_shed_mo,seed_shed_dur_mos,SI01,BreedSysCode,seed_mass_mg,diaspore_mass_mg,dispersal_mode,dispmode01,diaspore_min_len_mm,diaspore_max_len_mm,diaspore_ave_len_mm,Min_seed_shed_ht_m,Max_seed_shed_ht_m,Ave_seed_shed_ht_m,Grime,nichebreadth_num_flor_zones,oceanity,nichebreadth_amplit_ocean,Bio1_mean_nosyn,Bio1_std_nosyn,Bio1_var_nosyn,Bio1_mean_inclsyn,Bio1_std_inclsyn,Bio1_var_inclsyn,Nbound_lat_GBIF_nosyn,DispModeEng,GenTime,Resil,MaxAlt
Achillea_atrata,6.8,NA,NA,NA,NA,0,2,7,9,3,9,12,4,1,1,0.3,0.3,gravity,1,2,3,2.5,0.08,0.2,0.14,cs,2,so,3,0.466387494,2.755689022,7.593821983,0.470346725,2.761213897,7.624302185,47.77,1,3,5,2800
Achillea_nana,-0.5,1.6,2.7,0,0,0,NA,0,0,0,NA,NA,NA,0,NA,0.2,0.2,gravity,1,2,2.5,2.25,NA,NA,NA,NA,NA,NA,NA,2.28423913,3.200373896,10.24239308,2.28423913,3.200373896,10.24239308,46.6025,NA,NA,NA,NA
Adenostyles_leucophylla,-5.3,4.25,3.2,0,0,NA,NA,0,0,0,NA,NA,NA,0,NA,0.3,0.3,wind,1,8,12,10,NA,NA,NA,NA,NA,NA,NA,0.367496667,2.2459191,5.044152605,0.367496667,2.2459191,5.044152605,47.0081,NA,NA,NA,NA
Agrostis_alpina,0.6,3.8,-7,0,0,0,2,7,9,3,8,11,4,1,1,0.1,0.1,wind,1,2.5,3,2.75,0.1,0.2,0.15,csr,3,o,2,0.258342857,1.662410566,2.76360889,0.258342857,1.662410566,2.76360889,47.6536,3,2,5,2914
Androsace_alpina,1.3,1.5,-1.7,0,0,0,NA,0,0,0,NA,NA,NA,0,NA,NA,NA,gravity,0,1.5,2.2,1.85,NA,NA,NA,NA,NA,NA,NA,2.20310625,2.08973501,4.366992413,2.20310625,2.08973501,4.366992413,47.275,NA,NA,NA,NA
Androsace_chamaejasme,-3.1,3.1,3.1,0,0,0,2,6,7,2,9,12,4,0,3,0.59,0.59,gravity,0,2,3,2.5,0.01,0.1,0.055,csr,5,sks,4,-0.427494774,1.595397121,2.545291975,-0.427494774,1.595397121,2.545291975,70.48,4,2,5,NA
Androsace_helvetica,-2.1,3.9,5.7,0,0,1,1,5,7,3,9,12,4,0,2,NA,NA,gravity,0,2,2,2,0.01,0.05,0.03,csr,2,so,3,3.276910811,1.710530313,2.925913953,3.276910811,1.710530313,2.925913953,47.3667,NA,NA,NA,NA
Androsace_obtusifolia,-0.4,1.6,2.8,0,0,1,1,6,7,2,8,12,5,0,3,0.72,0.72,gravity,0,2,3,2.5,0.02,0.1,0.06,csr,2,so,3,-0.0625,1.422764524,2.02425889,-1.173341797,2.008095803,4.032448754,47.7,NA,NA,NA,3000
Antennaria_carpatica,3.1,4.2,-5.3,0,0,0,2,6,8,3,7,12,6,1,1,0.08,0.08,wind,1,7,7.5,7.25,NA,NA,NA,csr,4,so,3,-1.105348478,1.743559886,3.040001075,-1.105348478,1.743559886,3.040001075,47.3555,NA,NA,NA,NA
Arabis_alpina,4.2,1.8,0.6,1,1,1,1,3,10,8,NA,NA,NA,0,3,0.24,0.24,gravity,0,1,1.5,1.25,NA,NA,NA,csr,3,os,4,2.880435,3.087079188,9.530057913,2.880435,3.087079188,9.530057913,71.1755,1,2,5,NA
Arabis_bellidifolia,8.9,0.8,7.3,1,1,1,1,6,8,3,NA,NA,NA,NA,NA,NA,NA,gravity,0,2.2,2.9,2.55,NA,NA,NA,csr,2,so,3,1.380187019,3.436296262,11.808132,1.380187019,3.436296262,11.808132,47.6667,NA,NA,NA,NA
Arabis_caerulea,9.9,1.8,6.3,1,1,1,1,7,8,2,3,10,8,0,4,0.24,0.24,gravity,0,1.8,2,1.9,0.02,0.12,0.07,csr,2,so,3,0.5802125,1.428972401,2.041962124,0.5802125,1.428972401,2.041962124,47.3566,1,2,5,2500
Arenaria_biflora,0.1,4,-7.9,0,0,1,2,7,9,3,8,10,3,0,3,NA,NA,gravity,0,0.7,0.8,0.75,NA,NA,NA,csr,2,so,3,4.846584,2.684162161,7.204726509,4.846584,2.684162161,7.204726509,47.1363,NA,NA,NA,NA
Arenaria_ciliata,3.5,1.6,0.3,1,1,1,1,7,8,2,8,10,3,0,3,NA,NA,gravity,0,0.8,1,0.9,0.03,0.1,0.065,csr,4,o,2,3.617836111,2.271054978,5.157690713,3.617836111,2.271054978,5.157690713,69.9457,NA,NA,NA,NA
Artemisia_genipi,1.7,1.5,-1.3,0,0,0,NA,NA,NA,NA,NA,NA,NA,NA,NA,0.22,0.22,gravity,0,1.2,1.5,1.35,NA,NA,NA,NA,NA,NA,NA,3.358530952,2.586103125,6.687929371,3.358530952,2.586103125,6.687929371,47.2144,NA,NA,NA,NA
Asplenium_viride,6.8,NA,NA,NA,NA,1,1,7,8,2,NA,NA,NA,NA,2,NA,NA,NA,NA,NA,NA,NA,NA,NA,NA,csr,5,os,4,4.436179545,3.125760022,9.770375717,4.436179545,3.125760022,9.770375717,71.0621,5,2,5,NA
Aster_alpinus,-1,1,1,0,0,0,2,6,8,3,7,12,6,0,2,1.3,0.9,wind,1,8,9,8.5,NA,NA,NA,csr,4,sks,4,0.260571429,2.016242941,4.065235598,0.260571429,2.016242941,4.065235598,69.41,NA,NA,NA,NA
Aster_bellidiastrum,5.7,4.5,-3.3,0,0,0,2,4,9,6,7,9,3,0,2,NA,NA,NA,NA,2,2.5,2.25,NA,NA,NA,csr,2,so,3,2.17105,4.253866705,18.09538195,2.17105,4.253866705,18.09538195,48.2914,3,2,5,NA
Avenella_flexuosa,3.2,NA,NA,NA,NA,0,2,6,8,3,6,11,6,1,1,0.53,0.53,wind,1,5.1,7.5,6.3,0.2,0.86,0.53,cs,8,o,2,1.159334307,3.165517761,10.0205027,0.917721116,3.083296534,9.506717515,71.1832,NA,NA,NA,5000
Campanula_cenisia,-5.3,3.4,1.5,0,0,1,NA,NA,NA,NA,8,10,3,NA,NA,NA,NA,gravity,0,0.8,0.8,0.8,NA,NA,NA,NA,NA,NA,NA,2.0356,2.435350959,5.930934294,2.0356,2.435350959,5.930934294,47.1903,NA,NA,NA,NA
Campanula_cochleariifolia,14.7,2.8,9.1,1,1,1,1,6,9,4,8,12,5,1,1,NA,NA,gravity,0,0.5,0.5,0.5,NA,NA,NA,csr,2,so,3,0.971903448,3.896060895,15.1792905,0.971903448,3.896060895,15.1792905,52.9417,1,2,5,NA
Campanula_scheuchzeri,4.3,3.4,-2.5,0,0,1,1,7,8,2,9,10,2,1,1,0.14,0.09,gravity,0,0.6,0.7,0.65,0.1,0.3,0.2,csr,2,so,3,-0.616079775,4.900974383,24.0195499,-1.041607009,4.702696013,22.11534979,47.8728,1,2,5,2563
Cardamine_resedifolia,1.9,3.6,-5.3,0,0,1,1,5,8,4,7,11,5,0,4,NA,NA,gravity,0,1,1,1,0.02,0.15,0.085,csr,2,o,2,1.452783333,2.549761968,6.501286094,1.452783333,2.549761968,6.501286094,47.6,NA,NA,NA,NA
Carex_atrata,-0.9,NA,NA,NA,NA,0,2,6,8,3,8,12,5,0,2,1.1,1.1,wind,1,3.5,4.5,4,0.15,0.6,0.375,cs,4,os,4,2.8257,1.549916305,2.402240552,2.8257,1.549916305,2.402240552,71.171,NA,NA,NA,3962
Carex_capillaris,-4.2,NA,NA,NA,NA,0,2,5,7,3,7,12,6,0,3,0.59,0.45,wind,1,2,4,3,0.08,0.3,0.19,cs,5,NA,NA,2.591093103,1.64987709,2.722094412,2.591093103,1.64987709,2.722094412,71.1715,NA,NA,NA,NA
Carex_curvula,-5.2,3.8,2.4,0,0,0,NA,NA,NA,NA,10,10,1,NA,NA,2.12,2.12,wind,1,5,8,6.5,NA,NA,NA,NA,NA,NA,NA,3.073723077,1.606289432,2.580165739,3.073723077,1.606289432,2.580165739,47.1853,NA,NA,NA,NA
Carex_firma,4.7,1.1,2.5,1,1,0,2,6,8,3,8,10,3,0,3,1.11,1.11,wind,1,3.5,4.5,4,0.05,0.2,0.125,s,2,so,3,3.100844,3.225860168,10.40617383,3.100844,3.225860168,10.40617383,47.8972,NA,NA,NA,1953
Carex_parviflora,-2,2.2,2.4,0,0,0,2,7,8,2,NA,NA,NA,0,3,1.02,1.02,NA,NA,2.5,4,3.25,0.05,0.2,0.125,csr,2,os,4,1.11918,3.046602614,9.281787487,1.11918,3.046602614,9.281787487,47.6333,NA,NA,NA,NA
Carex_rupestris,4.8,0.8,3.2,1,1,0,2,6,7,2,8,8,1,0,3,NA,NA,wind,1,2.5,4,3.25,0.05,0.15,0.1,csr,4,ks,4,3.351858621,3.039849641,9.240685843,3.378781818,2.863692906,8.200737057,81.71,NA,NA,NA,NA
Cerastium_cerastoides,8.4,5.2,-2,0,0,1,2,7,8,2,9,12,4,0,3,0.19,0.19,gravity,0,0.5,1.2,0.85,0.03,0.15,0.09,s,5,NA,NA,2.78806,3.100678744,9.614208673,2.78806,3.100678744,9.614208673,71.1678,NA,NA,NA,NA
Cerastium_latifolium,0,2,4,0,0,0,2,7,8,2,NA,NA,NA,0,4,0.35,0.7,gravity,0,2,3,2.8,0.03,0.1,0.065,s,2,so,3,0.254681798,2.151860904,4.630505349,0.223364244,2.149576736,4.620680145,47.1925,1,3,5,NA
Cerastium_pedunculatum,4.2,NA,NA,NA,NA,0,NA,NA,NA,NA,NA,NA,NA,NA,NA,NA,NA,gravity,0,1,1.5,1.25,NA,NA,NA,NA,NA,NA,NA,2.191133052,3.472860451,12.06075971,2.191133052,3.472860451,12.06075971,46.925,NA,NA,NA,NA
Cerastium_uniflorum,3,1.2,0.6,1,1,1,2,7,8,2,9,10,2,0,2,NA,NA,gravity,0,1.5,2,1.75,0.02,0.08,0.05,s,1,so,3,1.588039757,3.848841173,14.81357837,1.588039757,3.848841173,14.81357837,47.1871,NA,NA,NA,NA
Cirsium_spinosissimum,7.6,4.4,-1.2,0,0,1,1,7,8,2,8,10,3,0,3,2.4,2.4,animal,1,15,16,15.5,0.15,0.6,0.375,c,2,sos,4,3.536914286,1.121580521,1.257942865,3.536914286,1.121580521,1.257942865,47.55,5,2,5,2600
Doronicum_clusii,1.1,1.5,-1.9,0,0,0,NA,NA,NA,NA,NA,NA,NA,NA,NA,NA,NA,wind,1,2,2,2,NA,NA,NA,NA,NA,NA,NA,0,0,0,0,0,0,47.3046,NA,NA,NA,NA
Doronicum_grandiflorum,9.8,NA,NA,NA,NA,0,2,7,8,2,8,9,2,NA,NA,NA,NA,wind,1,10,10,10,0.06,0.6,0.33,cs,2,o,2,3.101394444,1.813818342,3.289936977,3.101394444,1.813818342,3.289936977,57.2518,5,3,5,NA
Draba_aizoides,16.7,NA,NA,NA,NA,1,1,4,8,5,3,9,7,0,2,0.19,0.3,gravity,0,1,1.5,1.25,0.03,0.1,0.065,s,2,so,3,4.045513677,3.437668288,11.81756326,4.045513677,3.437668288,11.81756326,51.499,1,2,5,2880
Draba_dubia,-1.4,4.8,8.2,0,0,0,1,5,7,3,7,11,5,0,3,0.2,0.2,gravity,0,0.9,1.6,1.1,0.03,0.14,0.085,s,1,sks,4,2.3424975,4.214527513,17.76224216,-0.770373016,5.757533797,33.14919543,48.4705,NA,NA,NA,3000
Draba_fladnizensis,-5.6,4.8,4,0,0,0,1,6,8,3,7,11,5,0,4,0.2,0.2,gravity,0,0.7,1.4,1.05,0.01,0.08,0.045,s,4,ks,4,4.904322222,2.496901711,6.234518154,4.904322222,2.496901711,6.234518154,81.61,NA,NA,NA,3978
Draba_hoppeana,7.8,NA,NA,NA,NA,0,NA,NA,NA,NA,3,11,9,NA,NA,NA,NA,gravity,0,0.7,1,0.85,NA,NA,NA,NA,NA,NA,NA,2.11084,1.308574452,1.712367096,2.11084,1.308574452,1.712367096,47.5448,NA,NA,NA,NA
Draba_siliquosa,4.8,2.5,-0.2,0,0,0,1,5,7,3,7,11,5,0,NA,NA,NA,NA,NA,0.6,1.2,0.8,0.03,0.05,0.04,s,2,so,3,2.399316667,2.060431716,4.245378858,2.399316667,2.060431716,4.245378858,47.0919,NA,NA,NA,NA
Draba_tomentosa,10.4,9.5,-8.6,0,0,0,1,6,8,3,7,9,3,0,4,0.2,0.2,gravity,0,1,1.6,1.2,0.03,0.12,0.075,s,2,so,3,3.1036853,2.993454195,8.960768019,4.789116875,3.533773762,12.487557,47.4001,NA,NA,NA,3000
Dryas_octopetala,3.5,NA,NA,NA,NA,0,2,6,8,3,7,11,5,1,1,0.52,1.2,wind,1,2.5,4.1,3.3,0.02,0.15,0.085,s,4,ks,4,3.220994554,3.041658993,9.251689429,3.220994554,3.041658993,9.251689429,NA,3,2,5,NA
Elyna_myosuroides,-1.7,2.8,3.9,0,0,0,2,6,8,3,8,10,3,0,3,NA,NA,animal,1,2.6,2.8,2.7,0.1,0.3,0.2,csr,5,ks,4,3.073616667,2.621914776,6.874437094,11.10833846,7.958032957,63.33028854,47.2697,6,2,5,NA
Erigeron_uniflorus,5.9,4.3,-2.7,0,0,0,2,7,9,3,8,12,5,0,4,0.18,0.3,wind,1,5,5.9,5.45,0.03,0.1,0.065,csr,5,sks,3,-3.86369375,4.937815082,24.38201778,-3.914252308,4.928375675,24.28888679,70.4261,5,2,5,3000
Festuca_alpina,4.4,14.2,-24,0,0,0,1,6,7,2,8,10,3,1,1,NA,NA,NA,NA,3.5,4.2,3.85,0.05,0.1,0.075,s,2,o,2,0.48709,1.091355956,1.191057823,0.48709,1.091355956,1.191057823,47.62,NA,NA,NA,NA
Festuca_halleri,1.6,1.4,-1.2,0,0,0,NA,NA,NA,NA,8,10,3,NA,NA,1.24,1.24,wind,1,NA,NA,NA,NA,NA,NA,NA,NA,NA,NA,4.447575,3.026399403,9.159093346,4.447575,3.026399403,9.159093346,46.9547,NA,NA,NA,NA
Festuca_quadriflora,3.7,7.4,-11.1,0,0,0,1,7,8,2,7,10,4,NA,NA,NA,NA,NA,NA,4,6,5,0.1,0.25,0.175,csr,2,os,4,1.610061979,3.420464636,11.69957833,1.610061979,3.420464636,11.69957833,47.4001,4,2,5,NA
Festuca_violacea,2.1,NA,NA,NA,NA,NA,NA,NA,NA,NA,8,9,2,NA,NA,0.93,0.93,wind,1,NA,NA,NA,NA,NA,NA,NA,NA,NA,NA,2.038822727,2.35054439,5.525058929,2.038822727,2.35054439,5.525058929,47.76,3,2,5,NA
Gentiana_bavarica,-1,0.5,0,0,0,0,2,7,8,2,9,10,2,0,3,NA,NA,gravity,0,1,1,1,0.04,0.2,0.12,csr,2,so,3,-2.913046048,3.488367024,12.16870449,-2.913046048,3.488367024,12.16870449,47.7761,1,3,5,NA
Gentiana_brachyphylla,-0.3,2.7,5.1,0,0,NA,NA,NA,NA,NA,10,4,7,NA,NA,NA,NA,gravity,0,1.2,1.5,1.35,NA,NA,NA,NA,NA,NA,NA,0,0,0,0,0,0,47.1687,NA,NA,NA,NA
Gentiana_nivalis,4.2,2.1,0,0,0,0,1,7,8,2,7,11,5,0,3,0.03,0.03,gravity,0,0.5,0.5,0.5,0.03,0.15,0.09,r,4,o,2,1.228125,3.702829565,13.71094678,1.723715385,3.970049832,15.76129567,71.0757,NA,NA,NA,3000
Gentiana_punctata,5.3,NA,NA,NA,NA,0,1,7,8,2,8,10,3,0,3,0.7,0.7,gravity,0,2.5,3,2.75,0.2,0.6,0.4,c,2,so,3,5.34165,3.12307852,9.753619445,5.34165,3.12307852,9.753619445,47.4824,NA,NA,NA,2485
Gentiana_tenella,2.7,1.7,-0.7,0,0,NA,1,7,9,3,8,12,5,0,4,NA,NA,gravity,0,0.6,0.7,0.65,0.04,0.13,0.085,r,5,ks,4,1.450566667,1.517333963,2.302302355,1.450566667,1.517333963,2.302302355,47.1853,NA,NA,NA,NA
Gentiana_verna,2.1,1.1,-0.1,0,0,0,2,3,8,6,3,12,10,0,3,0.08,0.08,gravity,0,0.6,0.9,0.75,0.05,0.2,0.125,csr,2,so,3,0,0,0,0,0,0,58.1322,1,2,5,2850
Geum_montanum,3.1,2.1,-1.1,0,0,0,2,5,10,6,7,11,5,0,NA,1.74,1.74,wind,1,3,4,3.5,0.05,0.4,0.225,csr,2,o,2,3.793766667,1.237264308,1.530822968,3.793766667,1.237264308,1.530822968,56.6374,3,3,5,NA
Geum_reptans,-0.3,2.4,4.5,0,0,0,2,7,8,2,8,11,4,NA,NA,NA,NA,wind,1,26,29.5,27.75,0.03,0.15,0.09,csr,2,so,3,2.06752,1.202075907,1.444986487,2.06752,1.202075907,1.444986487,47.1997,NA,NA,NA,NA
Gnaphalium_hoppeanum,9.8,NA,NA,NA,NA,0,2,7,8,2,NA,NA,NA,0,4,NA,NA,wind,1,1,1.5,1.25,NA,NA,NA,s,2,so,3,1.823076923,1.425207611,2.031216735,1.823076923,1.425207611,2.031216735,47.6536,NA,NA,NA,NA
Gnaphalium_supinum,9.3,4.2,0.9,1,1,0,2,6,9,4,NA,NA,NA,0,4,0.09,0.09,wind,1,NA,NA,NA,NA,NA,NA,csr,5,os,4,0.830208333,1.370956853,1.879522694,0.830208333,1.370956853,1.879522694,69.0019,NA,NA,NA,NA
Helianthemum_alpestre,3.5,NA,NA,NA,NA,0,1,6,8,3,NA,NA,NA,0,3,0.6,0.9,animal,1,1.1,1.5,1.3,NA,NA,NA,csr,2,so,3,-0.218074138,1.881454121,3.53986961,-0.201466418,1.889785821,3.571290449,47.8294,NA,NA,NA,NA
Helictotrichon_versicolor,-2.8,4.4,6,0,0,0,2,7,8,2,NA,NA,NA,NA,NA,1.6,1.6,wind,1,8,11,9.5,NA,NA,NA,cs,2,os,4,3.59795,2.907976638,8.456328125,3.59795,2.907976638,8.456328125,47.3084,4,2,5,NA
Hieracium_alpinum,19.6,NA,NA,NA,NA,0,2,7,8,2,NA,NA,NA,0,NA,NA,NA,wind,1,NA,NA,NA,0.05,0.3,0.175,csr,4,os,4,1.738606667,1.251892733,1.567235415,1.738606667,1.251892733,1.567235415,69.9707,NA,NA,NA,NA
Homogyne_alpina,0.1,2.2,-4.3,0,0,0,2,5,7,3,7,10,4,0,2,NA,NA,wind,1,4,5,4.5,0.15,0.3,0.225,csr,2,o,2,-0.179201226,2.40787548,5.797864329,-0.179201226,2.40787548,5.797864329,57.2483,3,2,5,NA
Juncus_jacquinii,1.5,1.5,-1.5,0,0,0,2,7,9,3,8,12,5,0,2,NA,NA,wind,1,2,2.5,2.25,0.1,0.25,0.175,csr,2,so,3,3.0382,1.332000395,1.774225052,3.0382,1.332000395,1.774225052,47.6658,NA,NA,NA,NA
Juncus_trifidus,0,NA,NA,NA,NA,0,2,7,8,2,8,12,5,0,2,0.1,0.1,wind,1,1,1,1,0.04,0.25,0.145,csr,4,os,4,2.482142857,0.671364396,0.450730153,2.482142857,0.671364396,0.450730153,71.1564,NA,NA,NA,2600
Juniperus_communis,7,NA,NA,NA,NA,NA,1,4,5,2,7,3,9,1,1,17.7,7.9,animal,1,4,9,7.2,NA,NA,NA,c,5,ks,4,1.745828571,1.116908971,1.247485649,1.745828571,1.116908971,1.247485649,67.8613,6,5,20,NA
Leontodon_helveticus,0.5,0.5,-0.5,0,0,0,2,7,9,3,NA,NA,NA,1,1,1.71,1.71,wind,1,8,10,9,NA,NA,NA,csr,3,so,3,5.789485227,2.064668289,4.262855143,5.789485227,2.064668289,4.262855143,47.6617,NA,NA,NA,NA
Leontodon_montanus,11.1,3.9,3.3,1,1,0,2,7,8,2,8,12,5,1,1,NA,NA,wind,1,5,7,6,0.03,0.1,0.065,csr,2,so,3,7.812682099,1.364268737,1.861229187,7.812682099,1.364268737,1.861229187,47.6431,NA,NA,NA,NA
Leucanthemopsis_alpina,0,0.1,0.2,0,0,0,2,7,8,2,9,12,4,0,2,0.37,0.37,NA,NA,NA,NA,NA,0.05,0.15,0.1,NA,2,so,3,0.0672,2.406014903,5.788907711,0.0672,2.406014903,5.788907711,47.3512,NA,NA,NA,NA
Ligusticum_mutellinoides,0.6,1.7,-2.8,0,0,1,1,7,8,2,8,10,3,0,3,1,1,wind,1,3,5,4.2,0.05,0.15,0.1,csr,3,sks,3,2.5229275,1.678031005,2.815788053,2.5229275,1.678031005,2.815788053,47.3287,6,2,5,2700
Linaria_alpina,7.9,3.7,0.5,1,1,1,2,6,7,2,5,10,6,1,2,0.3,0.3,wind,1,1.4,2,1.7,0.05,0.1,0.075,csr,3,so,3,1.905566667,3.830171786,14.67021591,1.905566667,3.830171786,14.67021591,57.7904,1,2,5,3000
Lloydia_serotina,5.2,2.9,-0.6,0,0,1,3,7,8,2,8,12,5,0,4,NA,NA,gravity,0,2.5,2.5,2.5,0.07,0.1,0.085,s,4,ks,4,2.664811111,1.595197006,2.544653489,2.664811111,1.595197006,2.544653489,69.61,NA,NA,NA,NA
Luzula_alpinopilosa,-4.2,4.7,5.2,0,0,0,2,6,8,3,9,12,4,0,2,0.16,0.16,animal,1,1,1.3,1.15,0.1,0.3,0.2,cs,4,NA,NA,2.967227273,2.95547813,8.734850974,2.967227273,2.95547813,8.734850974,49.2167,6,2,5,NA
Luzula_lutea,-5.5,3.3,1.1,0,0,0,NA,NA,NA,NA,NA,NA,NA,NA,NA,NA,NA,gravity,0,1.5,1.5,1.5,NA,NA,NA,NA,NA,NA,NA,1.473373913,2.417757243,5.845550084,1.473373913,2.417757243,5.845550084,47.177,NA,NA,NA,NA
Luzula_spicata,1,0.9,-0.8,0,0,0,2,6,8,3,9,10,2,0,2,0.27,0.27,gravity,0,0.7,1.6,1.15,0.1,0.3,0.2,csr,5,os,4,-0.410804444,1.646753385,2.711796712,-2.180436585,4.464854596,19.93492656,71.1735,NA,NA,NA,3962
Minuartia_sedoides,0,0.1,0.2,0,0,1,1,7,8,2,9,12,4,0,2,0.26,0.26,gravity,0,0.8,1.1,0.95,0.04,0.08,0.06,s,3,o,2,0.147916667,2.082826293,4.338165367,0.147916667,2.082826293,4.338165367,58.5116,NA,NA,NA,2700
Minuartia_verna,3,1.7,-0.4,0,0,1,1,5,8,4,7,12,6,0,3,0.08,0.08,gravity,0,0.5,1,0.75,0.1,0.1,0.1,s,5,ks,4,4.500525,1.776705749,3.156683318,4.500525,1.776705749,3.156683318,57.3565,NA,NA,NA,2425
Minuartua_biflora,13.9,0.8,12.3,1,1,0,NA,NA,NA,NA,7,9,3,NA,NA,NA,NA,gravity,0,0.7,0.7,0.7,NA,NA,NA,NA,NA,NA,NA,1.971311111,1.54424901,2.384705005,1.971311111,1.54424901,2.384705005,71.0621,NA,NA,NA,NA
Moehringia_ciliata,0,1.8,3.6,0,0,1,1,6,8,3,8,10,3,0,2,0.4,0.4,water,1,1.2,1.2,1.2,0.05,0.2,0.125,csr,2,so,3,0.8494,0.740035017,0.547651827,0.8494,0.740035017,0.547651827,47.6667,NA,NA,NA,2300
Myosotis_alpestris,-0.5,1.5,2.5,0,0,1,1,7,9,3,6,10,5,0,4,0.83,0.83,gravity,0,3,5,4,0.05,0.2,0.125,csr,5,so,3,2.77084,1.985065263,3.940484098,2.77084,1.985065263,3.940484098,69.56,4,2,5,2600
Oreochloa_disticha,1.5,1.2,-0.9,0,0,0,1,7,8,2,7,10,4,NA,NA,NA,NA,NA,NA,4,5,4.5,0.1,0.2,0.15,csr,2,so,3,3.759267925,2.769505468,7.670160537,3.759267925,2.769505468,7.670160537,47.35,NA,NA,NA,NA
Oxyria_digyna,-0.2,4.7,9.2,0,0,1,2,6,8,3,8,12,5,NA,NA,0.72,0.72,wind,1,3,5,3.6,0.05,0.15,0.1,csr,5,NA,NA,0.198298775,2.692367554,7.248843045,0.198298775,2.692367554,7.248843045,81.41,NA,NA,NA,NA
Oxytropis_campestris,-2.1,NA,NA,NA,NA,0,NA,NA,NA,NA,8,11,4,NA,NA,2.01,2.01,NA,NA,1.45,1.8,1.625,NA,NA,NA,NA,NA,NA,NA,1.581225,1.934735698,3.743202223,1.581225,1.934735698,3.743202223,70.5164,NA,NA,NA,NA
Pedicularis_kerneri,-3.1,NA,NA,NA,NA,1,NA,NA,NA,NA,NA,NA,NA,NA,NA,NA,NA,NA,NA,NA,NA,NA,NA,NA,NA,NA,NA,NA,NA,2.620642857,2.558790968,6.54741122,2.620642857,2.558790968,6.54741122,47.1677,NA,NA,NA,NA
Phyteuma_globulariifolium,1.3,1.2,-1.1,0,0,0,NA,NA,NA,NA,NA,NA,NA,NA,NA,NA,NA,wind,1,NA,NA,NA,NA,NA,NA,NA,NA,NA,NA,1.036366223,2.827744612,7.99613959,1.036366223,2.827744612,7.99613959,47.1853,NA,NA,NA,NA
Poa_alpina,1.6,1.3,-1,0,0,0,2,6,8,3,7,12,6,0,3,0.48,0.48,wind,1,3,5,3.6,0.1,0.5,0.3,cs,5,sos,4,1.008333333,0.504355751,0.254374723,1.008333333,0.504355751,0.254374723,71.1517,6,2,5,5000
Poa_laxa,0,0,0,0,0,0,NA,NA,NA,NA,9,10,2,NA,NA,NA,NA,wind,1,NA,NA,NA,NA,NA,NA,NA,NA,NA,NA,1.672903571,1.321568668,1.746543746,1.672903571,1.321568668,1.746543746,62.3052,NA,NA,NA,NA
Poa_minor,0,2,4,0,0,0,2,7,8,2,8,12,5,0,3,0.4,0.4,animal,1,3,4,3.5,0.05,0.25,0.15,csr,2,o,2,4.367848571,2.943651393,8.665083522,4.367848571,2.943651393,8.665083522,52.5256,6,2,5,3000
Polygonum_vivparum,1.8,1.3,-0.8,0,0,0,NA,NA,NA,NA,NA,NA,NA,NA,NA,NA,NA,NA,NA,NA,NA,NA,0.05,0.25,0.15,NA,NA,NA,NA,8.146940678,1.368330124,1.872327327,8.146940678,1.368330124,1.872327327,70.4942,1,2,5,NA
Polystichum_lonchitis,6.8,NA,NA,NA,NA,0,1,7,9,3,NA,NA,NA,NA,NA,NA,NA,NA,NA,NA,NA,NA,0.1,0.5,0.3,cs,5,os,4,1.786946667,1.842737254,3.395680586,1.786946667,1.842737254,3.395680586,71.1517,3,2,5,NA
Potentilla_aurea,3.1,3.1,-3.1,0,0,0,2,6,9,4,8,11,4,0,NA,0.33,0.33,animal,1,1,1,1,0.05,0.2,0.125,csr,2,so,3,2.078,1.513012046,2.28920545,2.078,1.513012046,2.28920545,47.7761,6,2,5,NA
Potentilla_crantzii,-2.1,NA,NA,NA,NA,1,2,6,7,2,6,11,6,0,NA,0.52,0.52,gravity,0,1.4,1.8,1.6,0.05,0.2,0.125,csr,4,os,4,0.963191667,1.557321251,2.425249479,0.963191667,1.557321251,2.425249479,71.1517,1,2,5,NA
Potentilla_frigida,0.1,0.1,-0.1,0,0,NA,NA,NA,NA,NA,NA,NA,NA,NA,NA,NA,NA,gravity,0,NA,NA,NA,NA,NA,NA,NA,NA,NA,NA,4.636974791,3.573723506,12.77149969,4.636974791,3.573723506,12.77149969,46.9447,NA,NA,NA,NA
Primula_glutinosa,7,1.4,4.2,1,1,0,NA,NA,NA,NA,9,12,4,NA,NA,NA,NA,gravity,0,NA,NA,NA,NA,NA,NA,NA,NA,NA,NA,0.468112805,3.696225868,13.66208567,0.446241176,3.719635911,13.83569131,47.4439,NA,NA,NA,NA
Primula_hirsuta,0.6,0.6,-0.6,0,0,0,2,4,7,4,8,12,5,1,1,0.17,0.17,gravity,0,0.8,1.2,1,NA,NA,NA,s,2,so,3,-0.75126,6.039445869,36.4749064,1.877663253,3.230220193,10.4343225,47.3735,NA,NA,NA,NA
Primula_integrifolia,-5.8,3.7,1.6,0,0,0,NA,NA,NA,NA,NA,NA,NA,NA,NA,NA,NA,gravity,0,NA,NA,NA,NA,NA,NA,NA,NA,NA,NA,4.32,2.611297344,6.81887382,1.129164706,2.594513669,6.731501181,50.576,NA,NA,NA,NA
Pritzelago_alpina,8.1,NA,NA,NA,NA,1,1,5,8,4,6,11,6,1,1,NA,NA,NA,NA,1.5,2.2,1.85,0.05,0.12,0.085,csr,2,o,2,0.73713913,1.540279492,2.372460912,0.73713913,1.540279492,2.372460912,56.8102,1,2,5,NA
Ranunculus_alpestris,1.1,NA,NA,NA,NA,0,2,6,9,4,7,10,4,0,NA,NA,NA,wind,1,2,2,2,0.05,0.15,0.1,s,2,so,3,5.887433065,2.836520885,8.04585073,5.887433065,2.836520885,8.04585073,47.7761,6,2,5,NA
Ranunculus_glacialis,-1.1,1,0.9,0,0,0,2,7,8,2,8,10,3,0,NA,0.31,0.31,wind,1,3,4.7,3.7,0.05,0.15,0.1,s,4,o,2,3.065028947,2.136658574,4.565309863,3.065028947,2.136658574,4.565309863,69.66,NA,NA,NA,NA
Rumex_nivalis,-9.5,NA,NA,NA,NA,1,1,7,9,3,8,10,3,1,1,NA,NA,wind,1,2,3,2.5,0.1,0.2,0.15,s,2,so,3,4.819694805,2.743378802,7.526127249,4.819694805,2.743378802,7.526127249,47.6431,NA,NA,NA,NA
Sagina_saginoides,-2,4,6,0,0,1,1,6,8,3,6,9,4,0,3,0.02,0.02,gravity,0,0.3,0.6,0.45,0.02,0.07,0.045,s,5,os,4,0.67605,0.399265371,0.159412837,0.67605,0.399265371,0.159412837,71.1517,6,2,5,4400
Salix_herbacea,2.4,2.2,-2,0,0,0,3,6,8,3,8,10,3,1,1,0.51,0.51,wind,1,0.9,1.8,1.35,0.01,0.1,0.055,s,4,o,2,3.748591489,1.791050122,3.20786054,3.748591489,1.791050122,3.20786054,71.1583,NA,NA,NA,2600
Salix_retusa,1.7,1.7,-1.7,0,0,0,2,7,8,2,7,10,4,1,1,0.36,0.36,wind,1,NA,NA,NA,0.1,0.3,0.2,cs,2,so,3,1.121912912,2.778737657,7.721382965,1.167945439,2.853563021,8.142821914,47.7761,5,3,5,2500
Salix_serpyllifolia,1.4,1.5,-1.6,0,0,0,2,7,8,2,NA,NA,NA,1,1,0.26,0.26,wind,1,NA,NA,NA,NA,NA,NA,s,2,so,3,1.94795,0.662912607,0.439453125,1.94795,0.662912607,0.439453125,47.71,NA,NA,NA,NA
Saussurea_alpina,-2.1,NA,NA,NA,NA,0,2,7,9,3,9,10,2,NA,NA,1.9,1.9,wind,1,14,16,15,0.05,0.4,0.225,csr,4,ks,4,0.427561364,2.14189387,4.58770935,0.427561364,2.14189387,4.58770935,71.1564,NA,NA,NA,NA
Saxifraga_aizoides,6.8,NA,NA,NA,NA,1,2,6,9,4,3,10,8,0,3,0.05,0.05,gravity,0,0.7,1.1,0.9,0.03,0.3,0.165,s,2,os,4,-0.02877184,1.994821153,3.979311431,-0.02877184,1.994821153,3.979311431,71.1566,1,3,5,2000
Saxifraga_androsacea,1.3,5.5,-9.7,0,0,1,1,6,8,3,8,11,4,0,3,0.6,0.6,gravity,0,0.5,0.6,0.55,0.01,0.1,0.055,s,2,sos,4,4.928793939,1.699227244,2.887373227,4.928793939,1.699227244,2.887373227,47.7761,1,2,5,3132
Saxifraga_aphylla,2.5,4.5,-6.5,0,0,1,1,7,9,3,8,11,4,0,2,NA,NA,gravity,0,1,1,1,0.01,0.03,0.02,s,1,so,3,1.48082,1.768731514,3.128411167,-0.79456223,2.882216563,8.307172317,47.6572,NA,NA,NA,NA
Saxifraga_bryoides,0,0,0,0,0,0,2,7,8,2,NA,NA,NA,0,2,0,0,wind,1,0.5,0.7,0.6,0.01,0.08,0.045,s,2,o,2,1.56547619,1.168201246,1.364694152,1.56547619,1.168201246,1.364694152,47.3084,NA,NA,NA,NA
Saxifraga_caesia,5.3,0.5,4.3,1,1,0,1,6,9,4,9,10,2,0,2,0,0,gravity,0,0.5,0.6,0.55,0.05,0.1,0.075,s,2,so,3,0.730615787,2.772335448,7.685843839,0.730615787,2.772335448,7.685843839,47.6667,NA,NA,NA,2300
Saxifraga_exarata,-5.8,NA,NA,NA,NA,0,2,6,8,3,NA,NA,NA,0,2,0,0,gravity,0,0.5,0.7,0.6,NA,NA,NA,s,2,sos,4,-0.9,0.384374674,0.14774389,-0.9,0.384374674,0.14774389,47.2519,NA,NA,NA,NA
Saxifraga_muscoides,0.4,0.4,-0.4,0,0,NA,NA,NA,NA,NA,NA,NA,NA,NA,NA,NA,NA,gravity,0,NA,NA,NA,NA,NA,NA,NA,NA,NA,NA,-1.316147064,3.071766639,9.435750286,-1.278731361,3.099540684,9.607152452,48.2333,NA,NA,NA,NA
Saxifraga_oppositifolia,2.2,1.9,-1.6,0,0,1,1,2,6,5,6,11,6,0,2,0.11,0.11,gravity,0,0.8,1.5,1.15,0.03,0.25,0.14,s,4,os,4,1.513326667,1.185526586,1.405473286,1.513326667,1.185526586,1.405473286,71.1691,1,3,5,3353
Saxifraga_paniculata,-5.7,2,-1.7,-1,0,1,2,6,7,2,7,3,9,0,2,0.1,0.1,NA,NA,0.6,1,0.8,0.15,0.3,0.225,csr,4,os,4,1.302075,1.652539404,2.730886483,1.302075,1.652539404,2.730886483,59.5632,4,3,5,2500
Saxifraga_seguieri,7.6,4.1,-0.6,0,0,NA,NA,NA,NA,NA,NA,NA,NA,NA,NA,NA,NA,wind,1,0.5,0.5,0.5,NA,NA,NA,NA,NA,NA,NA,-0.016360728,2.082104111,4.335157529,-0.016360728,2.082104111,4.335157529,47.0607,NA,NA,NA,NA
Saxifraga_stellaris,2.1,NA,NA,NA,NA,0,2,5,8,4,8,10,3,0,2,0.04,0.04,gravity,0,0.5,0.8,0.65,0.05,0.1,0.075,s,4,so,3,1.53584,1.376828614,1.895657032,1.53584,1.376828614,1.895657032,71.1691,NA,NA,NA,2600
Sedum_alpestre,1.7,1.1,-0.5,0,0,1,2,6,8,3,9,10,2,0,3,NA,NA,gravity,0,0.5,0.5,0.5,0.03,0.08,0.055,s,2,o,2,2.260166667,1.545999566,2.390114658,7.035391627,2.821678625,7.961870262,47.1559,NA,NA,NA,NA
Sedum_atratum,-0.6,0.9,1.2,0,0,1,1,6,8,3,8,10,3,0,4,NA,NA,gravity,0,0.5,0.8,0.65,0.03,0.08,0.055,sr,2,o,2,1.82085,2.592748435,6.722344445,1.82085,2.592748435,6.722344445,47.6792,1,1,0,NA
Sempervivum_montanum,-1,1,1,0,0,NA,NA,NA,NA,NA,8,11,4,NA,NA,NA,NA,gravity,0,0.5,0.5,0.5,NA,NA,NA,NA,NA,NA,NA,1.74001,1.337874734,1.789908803,1.74001,1.337874734,1.789908803,61.5994,NA,NA,NA,NA
Senecio_incanus,4.6,3.3,-2,0,0,0,2,7,9,3,8,10,3,NA,NA,0.8,0.8,wind,1,6,8,7,NA,NA,NA,csr,2,sos,4,1.0380375,0.680587987,0.463200008,1.0380375,0.680587987,0.463200008,47.6333,NA,NA,NA,NA
Sesleria_caerulea,0.7,2.8,-4.9,0,0,NA,NA,NA,NA,NA,5,10,6,NA,NA,2.3,2.3,wind,1,4,5,4.5,0.1,0.5,0.3,NA,NA,NA,NA,1.775925412,3.338186238,11.14348736,1.775925412,3.338186238,11.14348736,60.2295,6,2,5,NA
Sibbaldia_procumbens,3.9,4,-4.1,0,0,1,2,6,8,3,3,11,9,0,2,0.46,0.46,animal,1,1,1.5,1.25,0.02,0.05,0.035,s,5,os,4,5.756799029,2.189225107,4.792706567,0.568622841,2.635160706,6.944071948,71.1691,NA,NA,NA,5000
Silene_acaulis,-1.2,5.7,10.2,0,0,0,1,6,9,4,8,10,3,0,2,0.29,0.29,gravity,0,0.9,1.5,1.2,0.02,0.06,0.04,s,4,os,4,-0.652260568,2.941961744,8.655138902,-0.652260568,2.941961744,8.655138902,79.95,1,5,5,3744
Silene_exscapa,-0.2,1.4,2.6,0,0,NA,NA,NA,NA,NA,NA,NA,NA,NA,NA,NA,NA,gravity,0,NA,NA,NA,NA,NA,NA,NA,NA,NA,NA,1.4125,1.485942696,2.208025695,1.4125,1.485942696,2.208025695,47.46,NA,NA,NA,NA
Solidago_virgaurea,3.1,NA,NA,NA,NA,0,2,7,10,4,9,12,4,1,1,0.49,0.49,wind,1,7,8,7.5,0.1,1.25,0.675,c,6,NA,NA,2.3497,1.216903235,1.480853483,2.3497,1.216903235,1.480853483,71.1517,3,2,5,NA
Taraxacum_alpinum,2.7,0.6,1.5,1,1,1,1,6,9,4,NA,NA,NA,1,1,0.45,0.45,wind,1,9.5,15.5,12.5,NA,NA,NA,csr,3,so,3,-2.739963253,5.31148259,28.21184731,-2.838743452,5.357683548,28.704773,47.65,5,2,5,NA
Trisetum_distichophyllum,0,NA,NA,NA,NA,0,2,7,8,2,8,10,3,NA,NA,NA,NA,wind,1,5,7,6,0.1,0.2,0.15,cs,2,so,3,3.216633333,1.392520945,1.939114583,3.216633333,1.392520945,1.939114583,46.9622,NA,NA,NA,NA
Trisetum_spicatum,7,4.4,-1.8,0,0,0,2,7,8,2,9,10,2,0,4,0.38,0.38,wind,1,3,4,3.5,0.1,0.2,0.15,csr,7,NA,NA,2.385371111,1.843949602,3.400150135,2.385371111,1.843949602,3.400150135,82.25,NA,NA,NA,NA
Veronica_alpina,6.1,2.9,0.3,1,1,0,2,7,8,2,7,12,6,0,4,0.05,0.2,gravity,0,0.7,1,0.85,0.03,0.15,0.09,csr,4,o,2,2.5925,1.25776469,1.581972015,2.5925,1.25776469,1.581972015,71.1678,1,2,5,3658
Veronica_aphylla,-0.5,1.2,1.9,0,0,0,2,6,8,3,8,10,3,0,4,NA,NA,gravity,0,1.5,1.5,1.5,0.03,0.08,0.055,s,2,so,3,3.45344,2.598499878,6.752201614,3.45344,2.598499878,6.752201614,47.8167,1,2,5,NA
Veronica_bellidioides,1.5,2.6,-3.7,0,0,0,2,7,8,2,9,12,4,0,4,NA,NA,gravity,0,1,1.5,1.25,0.05,0.2,0.125,csr,2,o,2,-3.018789172,4.8001617,23.04155234,-3.018789172,4.8001617,23.04155234,47.3512,NA,NA,NA,NA
Veronica_fruticans,6.9,NA,NA,NA,NA,1,2,6,8,3,8,12,5,0,4,0.12,0.12,gravity,0,1,1.5,1.25,0.05,0.15,0.1,s,4,o,2,1.262502857,1.984733486,3.93916701,1.262502857,1.984733486,3.93916701,71.0761,NA,NA,NA,3450
Viola_calcarata,-3.1,1,-1.1,-1,0,1,2,6,7,2,8,10,3,0,3,NA,NA,gravity,0,2.1,2.1,2.1,0.04,0.1,0.07,s,2,so,3,1.5179,1.221128321,1.491154376,1.5179,1.221128321,1.491154376,47.2788,3,2,5,NA